ProjectID:-1,DriverID:-1
ID,GPSTime,Latitude,Longitude,Altitude,Temperatures,LocalTime
1,10/19/2021 08:14:20,52.832194531,4.694023927,46.515,13.54;13.58;13.63;13.75;13.88;14.08;16.76;17.61;14.64;14.66;15.35;15.13;14.55;14.37;14.44;14.54;14.67;14.76;14.70;14.65,10/19/2021 08:14:20
2,10/19/2021 08:14:21,52.832194507,4.694023958,46.521,13.52;13.52;13.59;13.77;13.87;14.07;16.76;17.57;14.60;14.64;15.34;15.14;14.61;14.56;14.42;14.56;14.64;14.74;14.69;14.63,10/19/2021 08:14:21
3,10/19/2021 08:14:21,52.832194507,4.694023958,46.521,13.52;13.53;13.59;13.72;13.85;13.99;16.72;17.55;14.57;14.62;15.33;15.10;14.57;14.93;14.54;14.52;14.65;14.75;14.69;14.62,10/19/2021 08:14:22
4,10/19/2021 08:14:22,52.832194451,4.694023999,46.519,13.64;13.61;13.71;13.84;13.95;14.14;16.80;17.68;14.70;14.73;15.46;15.24;14.64;14.87;15.34;14.97;14.75;14.86;14.81;14.73,10/19/2021 08:14:23
5,10/19/2021 08:14:23,52.832194482,4.694023967,46.537,13.63;13.64;13.71;13.83;13.98;14.18;16.83;17.69;14.72;14.74;15.46;15.23;14.64;14.56;15.83;15.68;14.87;14.86;14.80;14.77,10/19/2021 08:14:24
6,10/19/2021 08:14:25,52.832194393,4.694024066,46.537,13.51;13.57;13.62;13.79;13.90;14.11;16.77;17.62;14.64;14.68;15.35;15.16;14.56;14.54;15.83;15.11;16.20;14.83;14.71;14.69,10/19/2021 08:14:25
7,10/19/2021 08:14:26,52.832194366,4.694024134,46.54,13.60;13.63;13.66;13.82;13.94;14.14;16.80;17.65;14.71;14.75;15.42;15.21;14.61;16.15;15.54;16.18;14.81;14.84;14.79;14.72,10/19/2021 08:14:26
8,10/19/2021 08:14:26,52.832194366,4.694024134,46.54,13.56;13.54;13.61;13.74;13.88;14.06;16.77;17.59;14.62;14.68;15.36;15.12;15.01;16.41;15.59;15.19;14.65;14.77;14.71;14.67,10/19/2021 08:14:27
9,10/19/2021 08:14:28,52.832194288,4.694024091,46.541,13.54;13.53;13.56;13.72;13.87;14.04;16.75;17.60;14.58;14.66;15.32;15.12;14.49;14.34;14.39;14.49;15.16;15.28;15.16;14.64,10/19/2021 08:14:28
10,10/19/2021 08:14:29,52.832194311,4.694024161,46.534,13.54;13.54;13.59;13.75;13.90;14.04;16.76;17.64;14.61;14.64;15.32;15.14;14.51;14.39;14.39;14.53;14.68;14.77;14.69;14.66,10/19/2021 08:14:29
11,10/19/2021 08:14:30,52.832194265,4.694024238,46.533,13.50;13.53;13.59;13.73;13.85;14.02;16.73;17.53;14.58;14.62;15.30;15.12;14.47;14.39;14.36;14.52;14.67;14.74;14.67;14.59,10/19/2021 08:14:30
12,10/19/2021 08:14:31,52.832194246,4.694024249,46.54,13.48;13.51;13.56;13.71;13.83;14.03;16.72;17.55;14.53;14.63;15.33;15.10;14.46;14.33;14.36;14.45;14.58;14.70;14.65;14.60,10/19/2021 08:14:31
13,10/19/2021 08:14:32,52.832194248,4.694024355,46.542,13.58;13.58;13.65;13.75;13.87;14.06;16.76;17.63;14.64;14.68;15.33;15.17;14.55;14.39;14.40;14.52;14.69;14.78;14.73;14.65,10/19/2021 08:14:32
14,10/19/2021 08:14:33,52.832194253,4.694024322,46.549,13.54;13.46;13.58;13.72;13.81;14.01;16.71;17.56;14.57;14.62;15.32;15.10;14.48;14.33;14.36;14.44;14.62;14.71;14.66;14.60,10/19/2021 08:14:33
15,10/19/2021 08:14:33,52.832194253,4.694024322,46.549,13.56;13.56;13.60;13.79;13.87;14.04;16.73;17.59;14.61;14.67;15.36;15.15;14.51;14.37;14.43;14.55;14.68;14.75;14.70;14.66,10/19/2021 08:14:34
16,10/19/2021 08:14:35,52.83219425,4.694024339,46.571,13.68;13.60;13.67;13.83;13.93;14.15;16.78;17.63;14.67;14.74;15.40;15.18;14.57;14.45;14.48;14.59;14.74;14.81;14.78;14.70,10/19/2021 08:14:35
17,10/19/2021 08:14:36,52.832194254,4.69402441,46.575,13.63;13.61;13.70;13.81;13.92;14.11;16.79;17.68;14.64;14.73;15.40;15.18;14.57;14.45;14.48;14.59;14.73;14.80;14.78;14.72,10/19/2021 08:14:36
18,10/19/2021 08:14:37,52.832194217,4.694024431,46.584,13.70;13.67;13.74;13.89;14.01;14.18;16.86;17.73;14.72;14.78;15.46;15.26;14.62;14.51;14.52;14.65;14.80;14.86;14.84;14.78,10/19/2021 08:14:37
19,10/19/2021 08:14:38,52.832194194,4.694024487,46.582,13.61;13.58;13.67;13.81;13.93;14.13;16.79;17.56;14.67;14.71;15.38;15.17;14.57;14.46;14.46;14.60;14.67;14.79;14.77;14.68,10/19/2021 08:14:38
20,10/19/2021 08:14:39,52.832194252,4.694024485,46.592,13.51;13.50;13.58;13.72;13.84;14.01;16.70;17.53;14.58;14.62;15.30;15.12;14.47;14.33;14.33;14.48;14.60;14.70;14.69;14.60,10/19/2021 08:14:39
21,10/19/2021 08:14:40,52.8321942,4.694024508,46.592,13.75;13.69;13.78;13.94;14.05;14.23;16.92;17.77;14.78;14.83;15.50;15.30;14.68;14.57;14.55;14.71;14.81;14.90;14.89;14.78,10/19/2021 08:14:40
22,10/19/2021 08:14:41,52.832194193,4.694024642,46.591,13.72;13.72;13.81;13.94;14.07;14.24;16.94;17.79;14.80;14.85;15.52;15.31;14.72;14.58;14.60;14.72;14.84;14.94;14.92;14.83,10/19/2021 08:14:41
23,10/19/2021 08:14:42,52.832194173,4.694024654,46.587,13.74;13.74;13.80;13.95;14.08;14.22;16.94;17.76;14.80;14.85;15.52;15.29;14.71;14.59;14.59;14.70;14.84;14.91;14.89;14.85,10/19/2021 08:14:42
24,10/19/2021 08:14:43,52.832194179,4.694024731,46.592,13.65;13.62;13.69;13.82;13.97;14.13;16.81;17.64;14.67;14.73;15.42;15.16;14.59;14.46;14.46;14.59;14.74;14.81;14.77;14.72,10/19/2021 08:14:43
25,10/19/2021 08:14:44,52.832194144,4.694024775,46.579,13.61;13.62;13.69;13.79;13.96;14.14;16.80;17.63;14.64;14.73;15.42;15.18;14.56;14.43;14.46;14.62;14.72;14.84;14.78;14.70,10/19/2021 08:14:44
26,10/19/2021 08:14:45,52.832194107,4.694024784,46.59,13.70;13.68;13.76;13.91;14.01;14.18;16.89;17.70;14.74;14.82;15.51;15.28;14.63;14.53;14.56;14.68;14.79;14.89;14.86;14.79,10/19/2021 08:14:45
27,10/19/2021 08:14:46,52.832194062,4.694024831,46.577,13.68;13.63;13.75;13.85;13.98;14.13;16.87;17.72;14.71;14.78;15.47;15.24;14.61;14.50;14.54;14.70;14.76;14.88;14.83;14.76,10/19/2021 08:14:46
28,10/19/2021 08:14:47,52.832194024,4.694024842,46.562,13.59;13.60;13.66;13.84;13.92;14.12;16.82;17.65;14.66;14.68;15.37;15.16;14.56;14.42;14.48;14.58;14.71;14.78;14.74;14.69,10/19/2021 08:14:47
29,10/19/2021 08:14:48,52.832194021,4.694024822,46.566,13.61;13.65;13.70;13.87;13.98;14.14;16.82;17.66;14.73;14.76;15.44;15.23;14.60;14.48;14.52;14.64;14.76;14.86;14.83;14.73,10/19/2021 08:14:48
30,10/19/2021 08:14:49,52.832194002,4.694024811,46.567,13.67;13.69;13.73;13.90;14.01;14.20;16.88;17.69;14.72;14.78;15.43;15.24;14.63;14.49;14.51;14.65;14.78;14.87;14.85;14.73,10/19/2021 08:14:49
31,10/19/2021 08:14:50,52.832193957,4.694024811,46.563,13.75;13.73;13.76;13.95;14.07;14.22;16.91;17.74;14.79;14.83;15.47;15.28;14.66;14.53;14.58;14.73;14.83;14.99;17.12;17.91,10/19/2021 08:14:50
32,10/19/2021 08:14:51,52.832193972,4.694024862,46.575,13.70;13.72;13.76;13.88;14.02;14.19;16.87;17.76;14.75;14.79;15.46;15.27;14.66;14.51;14.55;14.70;14.82;14.92;14.90;14.85,10/19/2021 08:14:51
33,10/19/2021 08:14:52,52.832193929,4.694024915,46.576,13.67;13.68;13.72;13.85;13.99;14.16;16.87;17.74;14.72;14.76;15.44;15.26;14.62;14.49;14.52;14.67;14.77;14.88;14.84;14.77,10/19/2021 08:14:52
34,10/19/2021 08:14:53,52.832193931,4.694025013,46.579,13.78;13.78;13.81;13.94;14.07;14.25;16.94;17.76;14.78;14.86;15.50;15.29;14.69;14.55;14.60;14.72;14.83;14.94;14.89;15.05,10/19/2021 08:14:53
35,10/19/2021 08:14:54,52.83219395,4.694025036,46.574,13.66;13.65;13.73;13.86;13.99;14.14;16.89;17.71;14.71;14.76;15.43;15.20;14.63;14.52;14.54;14.69;14.76;14.84;14.83;14.72,10/19/2021 08:14:54
36,10/19/2021 08:14:55,52.832193965,4.69402506,46.593,13.69;13.69;13.74;13.89;14.00;14.20;16.92;17.70;14.72;14.82;15.46;15.25;14.62;14.50;14.52;14.70;14.80;14.88;14.85;14.77,10/19/2021 08:14:55
37,10/19/2021 08:14:56,52.83219391,4.694025044,46.594,13.70;13.72;13.79;13.93;14.04;14.21;16.95;17.75;14.78;14.81;15.48;15.27;14.67;14.53;14.54;14.68;14.79;14.90;14.87;14.77,10/19/2021 08:14:56
38,10/19/2021 08:14:57,52.832193914,4.694025095,46.596,13.63;13.63;13.70;13.82;13.97;14.14;16.86;17.69;14.69;14.76;15.45;15.24;14.58;14.47;14.48;14.62;14.74;14.82;14.77;14.74,10/19/2021 08:14:57
39,10/19/2021 08:14:58,52.832193905,4.694025149,46.605,13.59;13.59;13.69;13.80;13.94;14.10;16.83;17.69;14.64;14.70;15.41;15.19;14.57;14.45;14.45;14.62;14.72;14.80;14.76;14.72,10/19/2021 08:14:58
40,10/19/2021 08:14:59,52.832193977,4.694025278,46.611,13.61;13.64;13.71;13.86;13.97;14.13;16.87;17.71;14.67;14.76;15.45;15.21;14.58;14.49;14.50;14.64;14.76;14.84;14.78;14.74,10/19/2021 08:14:59
41,10/19/2021 08:15:00,52.832193945,4.694025358,46.613,13.35;13.32;13.38;13.55;13.65;13.82;16.59;17.40;14.41;14.42;15.15;14.92;14.27;14.10;14.15;14.31;14.49;14.58;14.55;14.50,10/19/2021 08:15:00
42,10/19/2021 08:15:01,52.832193977,4.694025325,46.628,13.30;13.28;13.36;13.49;13.58;13.83;16.58;17.38;14.36;14.39;15.07;14.87;14.21;14.08;14.13;14.26;14.43;14.56;14.50;14.44,10/19/2021 08:15:01
43,10/19/2021 08:15:02,52.832193976,4.69402545,46.619,13.28;13.22;13.29;13.43;13.54;13.81;16.53;17.35;14.35;14.34;15.05;14.84;14.17;14.06;14.07;14.25;14.37;14.51;14.45;14.41,10/19/2021 08:15:02
44,10/19/2021 08:15:03,52.832193953,4.694025422,46.62,13.19;13.18;13.24;13.39;13.50;13.73;16.48;17.26;14.26;14.30;14.98;14.77;14.11;14.00;14.01;14.18;14.35;14.44;14.38;14.36,10/19/2021 08:15:03
45,10/19/2021 08:15:04,52.832193976,4.694025483,46.619,13.15;13.12;13.17;13.31;13.44;13.65;16.41;17.21;14.22;14.25;14.93;14.71;14.05;13.95;13.96;14.09;14.30;14.39;14.35;14.28,10/19/2021 08:15:04
46,10/19/2021 08:15:05,52.832193958,4.694025533,46.619,13.16;13.14;13.18;13.32;13.45;13.66;16.43;17.22;14.20;14.26;14.96;14.72;14.05;13.91;13.98;14.12;14.29;14.38;14.37;14.27,10/19/2021 08:15:05
47,10/19/2021 08:15:06,52.832193885,4.69402552,46.625,13.13;13.12;13.18;13.36;13.45;13.65;16.42;17.22;14.21;14.22;14.94;14.69;14.04;13.92;13.98;15.96;18.31;18.29;15.79;14.31,10/19/2021 08:15:06
48,10/19/2021 08:15:07,52.832193927,4.694025587,46.635,13.14;13.12;13.18;13.34;13.43;13.66;16.37;17.16;14.20;14.23;14.93;14.71;14.06;13.93;13.99;14.10;14.26;14.38;14.37;17.96,10/19/2021 08:15:07
49,10/19/2021 08:15:08,52.832193896,4.694025609,46.634,13.21;13.21;13.26;13.39;13.52;13.73;16.45;17.29;14.29;14.34;15.01;14.78;14.11;13.98;14.06;14.18;14.33;15.26;17.63;18.43,10/19/2021 08:15:08
50,10/19/2021 08:15:09,52.832193882,4.694025693,46.642,13.24;13.24;13.29;13.43;13.54;13.77;16.50;17.27;14.34;14.30;15.03;14.80;14.15;14.02;14.06;14.21;14.37;14.48;14.43;15.66,10/19/2021 08:15:09
51,10/19/2021 08:15:10,52.832193912,4.694025779,46.655,13.21;13.21;13.26;13.39;13.52;13.72;16.46;17.22;14.29;14.27;14.99;14.79;14.11;13.99;14.01;14.15;14.36;14.45;16.16;19.09,10/19/2021 08:15:10
52,10/19/2021 08:15:11,52.832193868,4.69402576,46.664,13.16;13.12;13.17;13.33;13.43;13.62;16.39;17.18;14.19;14.23;14.92;14.69;14.02;13.90;13.95;14.08;14.25;14.37;14.34;14.25,10/19/2021 08:15:11
53,10/19/2021 08:15:12,52.832193848,4.694025749,46.675,13.10;13.11;13.15;13.31;13.43;13.65;16.38;17.18;14.20;14.20;14.91;14.68;14.05;13.91;13.96;14.10;14.24;14.38;14.32;14.27,10/19/2021 08:15:12
54,10/19/2021 08:15:13,52.832193901,4.694025766,46.696,13.07;13.09;13.14;13.28;13.38;13.61;16.35;17.09;14.13;14.18;14.92;14.65;14.02;13.88;13.90;14.08;14.21;14.33;14.30;14.23,10/19/2021 08:15:13
55,10/19/2021 08:15:14,52.832193881,4.694025787,46.695,13.04;13.02;13.10;13.28;13.36;13.59;16.35;17.07;14.13;14.14;14.86;14.66;13.98;13.85;13.90;14.04;14.20;14.30;14.31;14.21,10/19/2021 08:15:14
56,10/19/2021 08:15:15,52.832193906,4.694025854,46.696,13.06;13.03;13.06;13.24;13.35;13.55;16.32;17.09;14.09;14.13;14.85;14.64;13.99;13.89;13.89;14.03;14.18;14.33;14.28;14.22,10/19/2021 08:15:15
57,10/19/2021 08:15:16,52.832193899,4.694025857,46.696,13.12;13.09;13.16;13.28;13.42;13.65;16.33;17.19;14.15;14.22;14.93;14.71;14.03;13.92;13.91;14.08;14.24;14.35;14.32;14.30,10/19/2021 08:15:16
58,10/19/2021 08:15:17,52.832193882,4.694025774,46.707,13.08;13.09;13.14;13.27;13.41;13.63;16.36;17.19;14.15;14.18;14.88;14.67;14.03;13.88;13.93;14.04;14.20;14.31;14.29;14.22,10/19/2021 08:15:17
59,10/19/2021 08:15:18,52.83219385,4.694025821,46.706,13.06;13.06;13.15;13.25;13.36;13.59;16.35;17.12;14.15;14.16;14.88;14.69;14.00;13.89;13.92;14.05;14.21;14.33;14.29;14.23,10/19/2021 08:15:18
60,10/19/2021 08:15:19,52.832193865,4.694025724,46.718,13.09;13.09;13.14;13.32;13.41;13.60;16.36;17.16;14.13;14.16;14.88;14.66;13.99;13.85;13.89;14.03;14.15;14.30;14.27;14.24,10/19/2021 08:15:19
61,10/19/2021 08:15:20,52.832193825,4.694025829,46.741,13.03;12.99;13.09;13.25;13.36;13.57;16.32;17.10;14.12;14.14;14.83;14.63;13.94;13.85;13.86;14.01;14.14;14.26;14.21;14.19,10/19/2021 08:15:20
62,10/19/2021 08:15:21,52.832193852,4.694025816,46.759,13.04;13.06;13.10;13.26;13.38;13.56;16.35;17.12;14.10;14.12;14.84;14.64;13.96;13.84;13.88;14.01;14.15;14.29;14.23;14.22,10/19/2021 08:15:21
63,10/19/2021 08:15:22,52.832193807,4.694025803,46.768,13.05;13.05;13.09;13.25;13.38;13.57;16.39;17.20;14.14;14.16;14.87;14.65;13.96;13.84;13.89;14.05;14.19;14.29;14.26;14.22,10/19/2021 08:15:22
64,10/19/2021 08:15:23,52.832193854,4.694025852,46.785,13.03;13.02;13.12;13.26;13.35;13.57;16.38;17.16;14.14;14.17;14.79;14.61;13.93;13.83;13.88;14.02;14.19;14.31;14.24;14.22,10/19/2021 08:15:23
65,10/19/2021 08:15:24,52.83219384,4.694025855,46.782,13.02;13.01;13.05;13.20;13.33;13.53;16.31;17.10;14.09;14.10;14.82;14.61;13.94;13.80;13.84;13.99;14.13;14.23;14.20;14.12,10/19/2021 08:15:24
66,10/19/2021 08:15:25,52.832193827,4.69402591,46.801,12.98;12.97;13.01;13.19;13.31;13.50;16.28;17.05;14.06;14.06;14.83;14.59;13.91;13.78;13.77;13.96;14.10;14.20;14.17;14.15,10/19/2021 08:15:25
67,10/19/2021 08:15:26,52.832193853,4.69402592,46.814,13.10;13.10;13.11;13.27;13.37;13.59;16.36;17.09;14.12;14.17;14.84;14.67;13.98;13.85;13.89;14.01;14.20;14.30;14.23;14.20,10/19/2021 08:15:26
68,10/19/2021 08:15:27,52.832193839,4.694025976,46.821,13.10;13.10;13.14;13.31;13.44;13.62;16.37;17.13;14.16;14.23;14.91;14.67;14.01;13.89;13.92;14.04;14.22;14.34;14.31;14.24,10/19/2021 08:15:27
69,10/19/2021 08:15:28,52.83219381,4.694025947,46.827,13.02;12.98;13.04;13.24;13.30;13.54;16.28;17.05;14.07;14.13;14.79;14.61;13.96;13.80;13.84;13.94;14.14;14.24;14.21;14.18,10/19/2021 08:15:28
70,10/19/2021 08:15:29,52.832193823,4.694025996,46.834,13.04;13.02;13.05;13.24;13.32;13.53;16.24;17.07;14.07;14.11;14.81;14.61;13.96;13.82;13.83;13.99;14.13;14.27;14.22;14.18,10/19/2021 08:15:29
71,10/19/2021 08:15:30,52.832193831,4.694026081,46.839,12.95;12.93;12.99;13.13;13.24;13.44;16.19;16.98;13.97;14.02;14.78;14.52;13.86;13.69;13.77;13.88;14.07;14.18;14.12;14.07,10/19/2021 08:15:30
72,10/19/2021 08:15:31,52.832193856,4.694026113,46.849,12.99;12.95;13.01;13.17;13.30;13.45;16.27;17.04;14.03;14.06;14.79;14.57;13.90;13.75;13.78;13.93;14.09;14.18;14.18;14.15,10/19/2021 08:15:31
73,10/19/2021 08:15:32,52.832193864,4.694026205,46.859,12.97;12.95;13.03;13.18;13.28;13.47;16.28;17.07;14.04;14.05;14.80;14.56;13.89;13.75;13.79;13.93;14.09;14.21;14.17;14.14,10/19/2021 08:15:32
74,10/19/2021 08:15:33,52.832193869,4.69402616,46.866,13.03;13.00;13.08;13.23;13.30;13.51;16.26;17.08;14.07;14.08;14.81;14.60;13.93;13.81;13.84;13.97;14.14;14.24;14.20;14.15,10/19/2021 08:15:33
75,10/19/2021 08:15:34,52.832193857,4.694026248,46.86,12.98;12.96;13.03;13.18;13.28;13.49;16.24;17.02;14.04;14.07;14.79;14.56;13.92;13.75;13.76;13.93;14.10;14.24;14.18;14.13,10/19/2021 08:15:34
76,10/19/2021 08:15:35,52.832193899,4.694026197,46.872,13.03;13.01;13.06;13.23;13.34;13.54;16.28;17.14;14.10;14.13;14.83;14.62;13.96;13.86;13.87;13.99;14.15;14.27;14.24;14.20,10/19/2021 08:15:35
77,10/19/2021 08:15:36,52.832193857,4.694026203,46.876,13.03;13.02;13.08;13.23;13.30;13.53;16.28;17.08;14.09;14.13;14.81;14.63;13.93;13.80;13.86;13.99;14.16;14.27;14.23;14.15,10/19/2021 08:15:36
78,10/19/2021 08:15:37,52.83219383,4.694026211,46.874,12.95;12.93;13.00;13.12;13.26;13.48;16.24;17.00;14.01;14.02;14.77;14.56;13.90;13.73;13.76;13.92;14.10;14.19;14.14;14.10,10/19/2021 08:15:37
79,10/19/2021 08:15:38,52.832193771,4.694026144,46.878,12.93;12.89;12.93;13.08;13.23;13.40;16.17;17.00;13.99;14.01;14.67;14.49;13.83;13.70;13.73;13.89;14.04;14.14;14.11;14.07,10/19/2021 08:15:38
80,10/19/2021 08:15:39,52.832193772,4.694026193,46.887,12.91;12.90;12.92;13.09;13.20;13.41;16.15;16.96;13.96;14.00;14.71;14.49;13.81;13.70;13.71;13.86;14.00;14.14;14.07;14.03,10/19/2021 08:15:39
81,10/19/2021 08:15:40,52.832193752,4.694026273,46.878,12.94;12.93;12.95;13.10;13.21;13.46;16.15;17.00;14.00;14.03;14.73;14.51;13.84;13.67;13.74;13.89;14.04;14.14;14.08;14.07,10/19/2021 08:15:40
82,10/19/2021 08:15:41,52.832193741,4.694026337,46.899,12.92;12.88;12.93;13.10;13.21;13.41;16.16;16.90;13.96;14.02;14.71;14.52;13.85;13.70;13.72;13.86;14.03;14.13;14.10;14.03,10/19/2021 08:15:41
83,10/19/2021 08:15:42,52.832193754,4.694026381,46.898,13.02;13.01;13.06;13.19;13.32;13.49;16.21;17.00;14.02;14.10;14.81;14.58;13.91;13.79;13.78;13.94;14.10;14.22;14.16;14.15,10/19/2021 08:15:42
84,10/19/2021 08:15:43,52.832193761,4.694026492,46.899,13.06;13.01;13.07;13.20;13.33;13.52;16.29;17.08;14.11;14.18;14.85;14.63;13.97;13.86;13.85;14.00;14.14;14.29;14.21;14.18,10/19/2021 08:15:43
85,10/19/2021 08:15:44,52.832193726,4.694026461,46.889,12.93;12.93;13.00;13.17;13.24;13.46;16.18;17.01;14.00;14.05;14.75;14.52;13.87;13.75;13.78;13.89;14.06;14.19;14.16;14.11,10/19/2021 08:15:44
86,10/19/2021 08:15:45,52.832193765,4.694026495,46.896,13.07;12.96;13.05;13.24;13.35;13.54;16.29;17.08;14.08;14.13;14.80;14.60;13.96;13.84;13.86;14.01;14.14;14.26;14.24;14.19,10/19/2021 08:15:45
87,10/19/2021 08:15:46,52.832193731,4.694026487,46.902,12.96;12.95;13.01;13.17;13.30;13.47;16.20;16.93;14.05;14.09;14.78;14.54;13.88;13.74;13.79;13.92;14.10;14.20;14.16;14.14,10/19/2021 08:15:46
88,10/19/2021 08:15:47,52.832193709,4.694026549,46.897,12.88;12.92;12.98;13.10;13.26;13.43;16.15;16.93;13.97;14.04;14.70;14.52;13.86;13.69;13.76;13.90;14.03;14.14;14.12;14.07,10/19/2021 08:15:47
89,10/19/2021 08:15:48,52.832193705,4.694026589,46.902,12.90;12.90;12.95;13.12;13.24;13.40;16.13;16.90;13.92;14.01;14.69;14.49;13.81;13.69;13.72;13.85;14.03;14.14;14.08;14.06,10/19/2021 08:15:48
90,10/19/2021 08:15:48,52.832193705,4.694026589,46.902,12.93;12.92;12.96;13.13;13.23;13.43;16.14;16.91;13.97;14.02;14.71;14.51;13.85;13.71;13.74;13.87;14.06;14.16;14.13;14.10,10/19/2021 08:15:49
91,10/19/2021 08:15:50,52.832193645,4.694026431,46.899,12.87;12.85;12.87;13.07;13.17;13.33;16.07;16.87;13.89;13.95;14.63;14.42;13.79;13.64;13.64;13.80;13.99;14.09;14.05;14.01,10/19/2021 08:15:50
92,10/19/2021 08:15:51,52.832193647,4.694026482,46.898,12.86;12.83;12.89;13.02;13.16;13.32;16.05;16.88;13.89;13.92;14.59;14.43;13.78;13.63;13.66;13.79;13.98;14.08;14.03;13.99,10/19/2021 08:15:51
93,10/19/2021 08:15:52,52.832193631,4.694026527,46.892,12.76;12.70;12.81;12.96;13.10;13.30;15.99;16.79;13.83;13.88;14.55;14.35;13.70;13.58;13.59;13.73;13.91;14.01;13.96;13.93,10/19/2021 08:15:52
94,10/19/2021 08:15:53,52.832193594,4.694026505,46.9,12.78;12.76;12.83;13.00;13.10;13.29;16.07;16.84;13.86;13.88;14.56;14.35;13.73;13.54;13.60;13.75;13.91;14.01;14.01;13.93,10/19/2021 08:15:53
95,10/19/2021 08:15:54,52.832193652,4.694026559,46.898,12.83;12.78;12.84;13.01;13.13;13.33;16.05;16.89;13.87;13.91;14.60;14.40;13.77;13.60;13.63;13.78;13.96;14.05;14.01;13.97,10/19/2021 08:15:54
96,10/19/2021 08:15:55,52.832193589,4.694026506,46.9,12.76;12.76;12.81;13.02;13.12;13.26;16.04;16.85;13.86;13.92;14.55;14.39;13.78;13.58;13.59;13.74;13.93;14.03;14.01;13.94,10/19/2021 08:15:55
97,10/19/2021 08:15:56,52.832193616,4.694026474,46.904,12.75;12.73;12.78;12.97;13.10;13.25;16.01;16.79;13.83;13.87;14.50;14.34;13.72;13.54;13.58;13.72;13.90;13.98;13.94;13.90,10/19/2021 08:15:56
98,10/19/2021 08:15:57,52.832193612,4.69402652,46.91,12.66;12.63;12.68;12.87;13.00;13.16;15.92;16.72;13.73;13.79;14.43;14.26;13.61;13.45;13.47;13.63;13.82;13.88;13.87;13.82,10/19/2021 08:15:57
99,10/19/2021 08:15:58,52.832193611,4.694026567,46.911,12.70;12.68;12.72;12.89;13.03;13.20;15.99;16.75;13.77;13.84;14.50;14.30;13.64;13.49;13.52;13.66;13.84;13.93;13.90;13.85,10/19/2021 08:15:58
100,10/19/2021 08:15:59,52.832193647,4.694026594,46.912,12.75;12.75;12.83;13.00;13.08;13.30;16.04;16.83;13.83;13.89;14.58;14.36;13.71;13.56;13.61;13.76;13.93;14.03;13.99;13.95,10/19/2021 08:15:59
101,10/19/2021 08:16:00,52.832193631,4.694026468,46.909,12.78;12.75;12.89;13.01;13.12;13.31;16.11;16.85;13.90;13.92;14.61;14.41;13.78;13.59;13.63;13.82;14.81;16.23;14.35;13.98,10/19/2021 08:16:00
102,10/19/2021 08:16:01,52.832193666,4.694026593,46.896,12.81;12.76;12.84;13.02;13.15;13.30;16.08;16.86;13.88;13.91;14.61;14.41;14.73;15.97;13.70;13.79;13.97;14.06;14.01;13.94,10/19/2021 08:16:01
103,10/19/2021 08:16:02,52.832193655,4.694026523,46.898,12.78;12.78;12.82;12.99;13.13;13.32;16.06;16.81;13.87;13.93;14.63;16.11;13.87;13.62;13.64;13.78;14.08;14.21;14.23;14.11,10/19/2021 08:16:02
104,10/19/2021 08:16:03,52.832193659,4.694026527,46.897,12.61;12.61;12.69;12.87;12.94;13.18;16.01;16.75;13.73;13.82;14.47;14.85;13.61;13.85;14.85;14.68;14.40;13.95;13.88;13.84,10/19/2021 08:16:03
105,10/19/2021 08:16:04,52.832193719,4.694026594,46.91,12.65;12.63;12.69;12.85;13.01;13.20;16.00;16.77;13.77;13.82;15.15;15.67;16.73;15.83;16.27;15.25;13.84;13.95;13.87;13.84,10/19/2021 08:16:04
106,10/19/2021 08:16:05,52.832193732,4.694026528,46.913,12.65;12.65;12.71;12.89;13.00;13.21;15.95;16.75;13.81;14.17;15.14;15.30;14.67;13.96;14.21;13.66;13.83;13.93;13.93;13.84,10/19/2021 08:16:05
107,10/19/2021 08:16:06,52.832193783,4.694026467,46.913,12.66;12.60;12.68;12.85;12.96;13.21;15.97;16.76;13.78;13.83;14.69;15.62;13.73;13.52;13.92;13.72;13.82;13.95;13.89;14.02,10/19/2021 08:16:06
108,10/19/2021 08:16:07,52.832193787,4.694026507,46.919,12.60;12.57;12.64;12.82;12.95;13.15;15.93;16.88;14.28;14.28;14.46;14.21;13.88;13.76;13.51;13.61;13.82;13.89;13.83;14.22,10/19/2021 08:16:07
109,10/19/2021 08:16:08,52.832193886,4.694026575,46.921,12.60;12.57;12.69;12.82;12.96;14.01;17.81;18.50;13.75;13.76;14.42;14.57;13.85;13.44;13.46;13.60;13.80;13.90;13.85;14.42,10/19/2021 08:16:08
110,10/19/2021 08:16:09,52.832193887,4.694026635,46.919,12.67;12.66;13.73;14.32;15.09;13.52;16.00;16.71;13.78;13.84;14.47;14.27;14.25;13.51;13.53;13.68;13.82;13.95;13.92;13.86,10/19/2021 08:16:09
111,10/19/2021 08:16:10,52.832193941,4.694026708,46.933,12.94;13.51;14.17;14.61;13.10;13.30;16.06;16.76;13.83;13.86;14.57;14.35;13.72;15.54;13.57;13.72;13.90;14.00;13.99;13.90,10/19/2021 08:16:10
112,10/19/2021 08:16:11,52.832193993,4.694026675,46.939,12.79;13.31;13.88;13.43;13.05;13.26;16.02;16.76;13.78;13.81;14.50;14.27;13.65;13.86;13.53;13.67;13.87;13.93;13.89;13.86,10/19/2021 08:16:11
113,10/19/2021 08:16:12,52.832194032,4.694026717,46.938,12.66;12.65;13.28;13.92;13.32;13.25;15.99;16.70;13.74;13.80;14.49;14.24;13.62;13.50;13.50;13.66;14.02;14.09;14.08;13.85,10/19/2021 08:16:12
114,10/19/2021 08:16:13,52.83219404,4.694026784,46.942,12.73;12.69;12.78;13.01;13.69;13.36;16.07;16.81;13.84;13.85;14.55;14.34;14.05;13.58;13.57;13.72;13.90;13.99;13.93;13.87,10/19/2021 08:16:13
115,10/19/2021 08:16:14,52.832194076,4.694026742,46.94,12.69;12.71;12.72;12.93;13.05;13.24;16.04;16.80;13.81;13.81;14.54;14.33;13.72;14.00;14.51;14.43;13.88;13.98;13.94;13.88,10/19/2021 08:16:14
116,10/19/2021 08:16:15,52.832194096,4.694026756,46.943,12.64;12.61;12.69;12.83;12.95;13.19;15.98;16.71;13.74;13.75;14.45;14.21;13.59;13.49;13.51;13.65;14.15;14.98;15.01;14.99,10/19/2021 08:16:15
117,10/19/2021 08:16:16,52.832194064,4.694026692,46.944,12.74;12.71;12.80;12.92;13.07;13.29;16.09;16.86;13.85;13.84;14.51;14.31;13.70;13.56;13.62;13.75;13.91;14.02;13.98;13.96,10/19/2021 08:16:16
118,10/19/2021 08:16:17,52.832194125,4.694026742,46.955,12.71;12.67;12.77;12.94;13.04;13.68;16.07;16.82;13.78;13.81;14.51;14.35;13.68;13.53;13.59;13.74;13.87;13.98;13.96;13.91,10/19/2021 08:16:17
119,10/19/2021 08:16:18,52.832194118,4.694026781,46.962,12.70;12.68;12.78;12.97;13.35;13.35;16.07;16.81;13.83;13.86;14.55;14.34;13.70;13.52;13.60;13.73;13.92;14.03;13.95;13.92,10/19/2021 08:16:18
120,10/19/2021 08:16:19,52.832194105,4.694026849,46.965,12.69;12.72;13.31;13.09;13.04;13.26;16.05;16.75;13.78;13.79;14.49;14.29;13.66;13.52;13.56;13.69;13.90;13.97;13.91;13.84,10/19/2021 08:16:19
121,10/19/2021 08:16:20,52.832194164,4.694026928,46.976,12.75;12.95;13.45;13.00;13.08;13.29;16.06;16.79;13.80;13.80;14.50;14.29;13.69;13.52;13.52;13.69;13.89;13.98;13.94;13.89,10/19/2021 08:16:20
122,10/19/2021 08:16:21,52.832194107,4.694026962,46.971,13.12;13.50;13.58;13.12;13.17;13.37;16.17;16.91;13.90;13.91;14.63;14.39;13.77;13.64;13.66;13.79;13.97;14.07;14.03;13.97,10/19/2021 08:16:21
123,10/19/2021 08:16:22,52.832194177,4.694026925,46.967,13.41;13.61;13.50;13.17;13.27;13.43;16.25;17.00;13.99;13.96;14.69;14.45;13.86;13.68;13.73;13.88;14.04;14.16;14.10;14.05,10/19/2021 08:16:22
124,10/19/2021 08:16:23,52.832194244,4.694026959,46.983,13.35;13.50;13.25;13.18;13.26;13.48;16.31;17.04;14.02;14.04;14.73;14.50;13.88;13.70;13.76;13.95;14.10;14.18;14.12;14.11,10/19/2021 08:16:23
125,10/19/2021 08:16:24,52.83219427,4.694027018,46.981,13.39;13.67;13.49;13.29;13.38;13.56;16.36;17.12;14.13;14.16;14.84;14.62;14.20;14.83;17.60;17.64;15.57;14.37;14.23;14.18,10/19/2021 08:16:24
126,10/19/2021 08:16:25,52.832194298,4.694027042,46.983,12.99;12.99;13.25;13.82;13.45;13.59;16.38;17.09;14.13;14.61;16.41;16.83;16.71;17.38;17.33;16.51;14.33;14.30;14.23;14.21,10/19/2021 08:16:25
127,10/19/2021 08:16:26,52.832194319,4.694027091,46.986,12.97;12.96;13.04;13.24;13.38;13.99;16.34;17.11;14.39;14.73;16.10;15.09;16.00;14.46;13.90;14.01;14.18;14.25;14.21;14.18,10/19/2021 08:16:26
128,10/19/2021 08:16:27,52.832194329,4.694027138,46.988,13.03;13.01;13.09;13.26;13.41;13.62;16.41;17.14;14.15;14.14;14.88;15.18;14.03;13.91;13.90;14.03;14.19;14.30;14.27;14.22,10/19/2021 08:16:27
129,10/19/2021 08:16:28,52.832194388,4.694027188,46.998,13.00;13.02;13.06;13.25;13.39;13.57;16.41;17.15;14.63;16.33;16.51;14.72;14.02;13.88;13.90;14.03;14.20;14.32;14.25;14.21,10/19/2021 08:16:28
130,10/19/2021 08:16:29,52.832194436,4.694027249,47.002,12.96;12.99;12.99;13.21;13.32;13.54;16.33;17.09;15.11;16.95;15.93;14.62;13.97;13.79;13.84;14.01;14.16;14.27;14.19;14.16,10/19/2021 08:16:29
131,10/19/2021 08:16:30,52.83219445,4.694027293,47.007,13.01;13.02;13.06;13.24;13.39;13.58;16.42;17.11;14.13;14.17;14.84;14.89;16.42;15.21;13.93;14.04;14.20;14.30;14.23;14.20,10/19/2021 08:16:30
132,10/19/2021 08:16:31,52.832194487,4.694027365,46.999,12.94;12.94;13.00;13.18;13.31;13.50;16.34;17.04;14.04;14.07;14.77;14.57;14.00;14.01;15.66;14.98;15.15;14.23;14.19;14.15,10/19/2021 08:16:31
133,10/19/2021 08:16:32,52.832194575,4.694027361,47.01,12.98;12.96;13.03;13.20;13.33;13.55;16.36;17.09;14.07;14.09;14.81;14.59;14.00;14.31;14.59;14.98;14.44;14.29;14.24;14.18,10/19/2021 08:16:32
134,10/19/2021 08:16:33,52.832194544,4.694027425,47.018,13.02;13.00;13.09;13.22;13.37;13.58;16.41;17.13;14.13;14.13;14.86;14.63;14.07;14.59;14.66;14.58;14.23;14.30;14.25;14.22,10/19/2021 08:16:33
135,10/19/2021 08:16:34,52.832194627,4.694027423,47.017,13.12;13.09;13.14;13.33;13.48;13.70;16.51;17.22;14.22;14.23;14.93;14.75;14.15;15.14;14.75;14.33;14.29;14.41;14.33;14.30,10/19/2021 08:16:34
136,10/19/2021 08:16:35,52.832194645,4.694027489,47.005,13.12;13.11;13.19;13.35;13.49;13.72;16.54;17.17;14.26;14.26;14.93;14.75;14.23;15.77;14.66;14.31;14.34;14.43;14.37;14.35,10/19/2021 08:16:35
137,10/19/2021 08:16:36,52.832194704,4.694027548,47.013,13.10;13.11;13.18;13.33;13.45;13.73;16.50;17.21;14.26;14.21;14.98;14.78;14.38;14.63;14.24;14.18;14.31;14.44;14.38;14.33,10/19/2021 08:16:36
138,10/19/2021 08:16:37,52.832194661,4.694027443,47.014,13.10;13.08;13.17;13.33;13.46;13.68;16.59;17.26;14.25;14.24;14.96;14.77;14.68;13.99;13.98;14.13;14.32;14.42;14.37;14.35,10/19/2021 08:16:37
139,10/19/2021 08:16:38,52.832194727,4.694027414,47.018,13.05;13.02;13.08;13.24;13.38;13.63;16.46;17.18;14.13;14.13;14.85;14.69;14.59;13.86;13.89;14.06;14.22;14.32;14.26;14.23,10/19/2021 08:16:38
140,10/19/2021 08:16:39,52.832194735,4.694027511,47.023,13.03;13.05;13.10;13.28;13.37;13.63;16.47;17.20;14.17;14.15;14.85;14.67;14.57;13.88;13.90;14.06;14.21;14.34;14.23;14.21,10/19/2021 08:16:39
141,10/19/2021 08:16:40,52.832194756,4.694027565,47.021,13.01;13.05;13.07;13.25;13.38;13.61;16.45;17.17;14.19;14.17;14.86;14.70;14.58;13.88;13.92;14.06;14.23;14.33;14.29;14.27,10/19/2021 08:16:40
142,10/19/2021 08:16:41,52.832194749,4.69402763,47.017,13.02;13.02;13.07;13.26;13.35;13.60;16.42;17.14;14.16;14.16;14.84;14.67;14.58;13.86;13.90;14.07;14.22;14.37;14.30;14.25,10/19/2021 08:16:41
143,10/19/2021 08:16:42,52.832194805,4.694027778,47.01,12.96;12.93;12.99;13.17;13.28;13.50;16.31;17.04;14.07;14.11;14.78;14.59;14.49;13.77;13.78;13.93;14.12;14.25;14.18;14.13,10/19/2021 08:16:42
144,10/19/2021 08:16:43,52.832194796,4.694027784,47.013,12.91;12.88;12.97;13.10;13.24;13.48;16.31;17.02;14.03;14.04;14.73;14.53;14.42;13.72;13.76;13.95;14.11;14.23;14.16;14.08,10/19/2021 08:16:43
145,10/19/2021 08:16:44,52.83219475,4.694027788,47.005,12.88;12.83;12.91;13.08;13.24;13.46;16.26;16.96;14.01;14.01;14.68;14.51;14.40;13.70;13.74;13.90;14.05;14.19;14.13;14.06,10/19/2021 08:16:44
146,10/19/2021 08:16:45,52.832194838,4.694027897,47.01,12.93;12.96;12.98;13.15;13.29;13.54;16.28;17.02;14.10;14.07;14.75;14.58;14.45;13.76;13.79;13.95;14.09;14.21;14.17;14.10,10/19/2021 08:16:45
147,10/19/2021 08:16:46,52.832194848,4.694027899,47.005,12.92;12.88;12.95;13.11;13.24;13.45;16.25;16.97;14.00;13.99;14.70;14.49;14.35;13.68;13.73;13.90;14.03;14.16;14.13;14.03,10/19/2021 08:16:46
148,10/19/2021 08:16:47,52.832194833,4.69402796,47.005,12.91;12.88;12.94;13.09;13.22;13.46;16.23;16.92;14.00;14.00;14.69;14.49;14.34;13.67;13.72;13.92;14.05;14.19;14.10;14.06,10/19/2021 08:16:47
149,10/19/2021 08:16:48,52.832194852,4.694028012,47.015,12.87;12.84;12.91;13.05;13.20;13.42;16.21;16.90;13.94;14.00;14.65;14.47;14.30;13.67;13.69;13.89;14.03;14.15;14.12;14.03,10/19/2021 08:16:48
150,10/19/2021 08:16:49,52.832194835,4.694028018,46.998,12.88;12.82;12.90;13.06;13.21;13.46;16.23;16.91;13.94;14.02;14.69;14.47;14.33;13.69;13.72;13.87;14.06;14.18;14.12;14.02,10/19/2021 08:16:49
151,10/19/2021 08:16:49,52.832194835,4.694028018,46.998,12.87;12.80;12.89;13.06;13.19;13.42;16.21;16.95;13.92;13.98;14.65;14.49;14.30;13.69;13.76;13.87;14.06;14.13;14.11;14.02,10/19/2021 08:16:50
152,10/19/2021 08:16:51,52.832194871,4.694028123,47,12.88;12.84;12.93;13.08;13.20;13.40;16.21;16.96;13.96;13.98;14.66;14.47;14.30;13.70;13.71;13.89;14.08;14.17;14.10;14.05,10/19/2021 08:16:51
153,10/19/2021 08:16:52,52.832194861,4.694028088,46.995,12.93;12.91;12.95;13.11;13.25;13.44;16.26;17.01;13.97;14.08;14.71;14.55;14.38;14.17;13.76;13.98;14.11;14.22;14.15;14.11,10/19/2021 08:16:52
154,10/19/2021 08:16:53,52.832194837,4.694028076,47.01,12.88;12.85;12.92;13.06;13.21;13.43;16.25;16.94;13.98;14.01;14.69;14.52;14.34;13.99;14.19;14.04;14.06;14.18;14.12;14.05,10/19/2021 08:16:53
155,10/19/2021 08:16:54,52.832194859,4.694028,47.012,12.96;12.92;12.98;13.15;13.27;13.49;16.30;17.08;14.01;14.03;14.73;14.56;14.39;13.80;14.20;14.35;14.27;14.26;14.14;14.11,10/19/2021 08:16:54
156,10/19/2021 08:16:55,52.832194868,4.694028072,47.002,12.98;12.95;13.01;13.13;13.30;13.49;16.30;17.08;14.06;14.06;14.76;14.58;14.40;13.85;14.24;14.58;14.53;14.25;14.22;14.15,10/19/2021 08:16:55
157,10/19/2021 08:16:56,52.83219481,4.694028074,46.996,12.95;12.93;12.98;13.14;13.29;13.48;16.30;17.08;14.01;14.04;14.74;14.56;14.40;13.89;15.09;14.33;14.17;14.22;14.15;14.12,10/19/2021 08:16:56
158,10/19/2021 08:16:57,52.832194791,4.694028113,46.993,12.93;12.92;12.96;13.12;13.24;13.46;16.23;17.00;14.01;14.03;14.73;14.53;14.37;14.20;14.65;14.22;14.10;14.21;14.12;14.08,10/19/2021 08:16:57
159,10/19/2021 08:16:58,52.83219481,4.694028192,46.995,12.93;12.91;12.96;13.10;13.24;13.44;16.21;17.00;14.04;14.04;14.70;14.54;14.32;14.03;14.01;14.21;15.23;14.21;14.13;14.11,10/19/2021 08:16:58
160,10/19/2021 08:16:59,52.832194753,4.694028171,46.98,12.91;12.88;12.90;13.08;13.19;13.44;16.20;17.00;13.98;14.00;14.70;14.52;13.97;14.87;14.69;14.88;14.43;14.21;14.11;14.08,10/19/2021 08:16:59
161,10/19/2021 08:17:00,52.832194709,4.694028196,46.981,12.99;12.91;12.99;13.16;13.28;13.54;16.30;17.02;14.03;14.06;14.75;14.58;13.95;13.84;14.72;14.77;14.57;14.26;14.17;14.13,10/19/2021 08:17:00
162,10/19/2021 08:17:01,52.832194761,4.694028298,46.969,12.90;12.86;12.93;13.03;13.20;13.44;16.17;16.97;13.99;14.00;14.65;14.51;13.91;13.91;15.24;14.81;14.22;14.17;14.10;14.02,10/19/2021 08:17:01
163,10/19/2021 08:17:02,52.832194715,4.694028386,46.971,12.88;12.80;12.91;13.05;13.19;13.39;16.16;16.93;13.94;13.94;14.65;14.44;14.01;14.82;14.23;14.23;14.03;14.14;14.06;14.00,10/19/2021 08:17:02
164,10/19/2021 08:17:03,52.832194726,4.694028418,46.968,12.93;12.84;12.89;13.08;13.22;13.40;16.19;16.94;13.95;13.97;14.65;14.48;13.87;14.18;14.30;13.98;14.03;14.13;14.07;13.99,10/19/2021 08:17:03
165,10/19/2021 08:17:03,52.832194726,4.694028418,46.968,12.91;12.90;12.92;13.08;13.22;13.43;16.24;16.91;13.97;13.98;14.67;14.50;13.93;14.24;13.76;13.92;14.06;14.16;14.10;14.05,10/19/2021 08:17:04
166,10/19/2021 08:17:05,52.832194765,4.694028344,46.973,12.85;12.79;12.83;12.99;13.15;13.38;16.16;16.88;13.89;13.89;14.60;14.43;13.83;13.67;13.65;13.86;14.00;14.06;14.01;13.95,10/19/2021 08:17:05
167,10/19/2021 08:17:06,52.832194766,4.694028363,46.97,12.81;12.77;12.83;13.00;13.12;13.34;16.09;16.81;13.89;13.85;14.57;14.42;13.80;13.59;13.62;13.79;13.95;14.05;14.01;13.98,10/19/2021 08:17:06
168,10/19/2021 08:17:07,52.832194771,4.69402845,46.954,12.75;12.75;12.77;12.92;13.07;13.29;16.05;16.80;13.83;13.80;14.51;14.35;13.73;13.57;13.61;13.77;13.89;14.02;14.00;13.91,10/19/2021 08:17:07
169,10/19/2021 08:17:08,52.832194832,4.694028521,46.966,12.69;12.67;12.72;12.86;13.02;13.22;16.04;16.75;13.76;13.75;14.44;14.29;13.63;13.52;13.52;13.70;13.78;13.94;13.92;13.81,10/19/2021 08:17:08
170,10/19/2021 08:17:09,52.832194774,4.694028465,46.953,12.66;12.65;12.71;12.85;13.03;13.28;16.03;16.80;13.77;13.77;14.48;14.29;13.66;13.50;13.52;13.72;13.86;13.96;13.92;13.86,10/19/2021 08:17:09
171,10/19/2021 08:17:10,52.832194743,4.694028431,46.96,12.68;12.66;12.71;12.87;13.03;13.21;16.05;16.76;13.81;13.80;14.47;14.30;13.68;13.50;13.52;13.75;13.86;13.96;13.89;13.89,10/19/2021 08:17:10
172,10/19/2021 08:17:11,52.832194779,4.694028394,46.962,12.68;12.66;12.66;12.86;13.03;13.24;16.03;16.79;13.78;13.78;14.47;14.30;13.65;13.49;13.56;13.69;13.84;13.96;13.89;13.86,10/19/2021 08:17:11
173,10/19/2021 08:17:12,52.832194804,4.694028393,46.95,12.71;12.69;12.73;12.92;13.05;13.28;16.07;16.78;13.84;13.85;14.55;14.35;13.71;13.54;13.60;13.76;13.92;14.02;13.96;13.91,10/19/2021 08:17:12
174,10/19/2021 08:17:13,52.832194781,4.694028391,46.948,12.69;12.65;12.68;12.86;13.00;13.25;16.02;16.73;13.79;13.81;14.43;14.29;13.68;13.49;13.52;13.69;13.87;13.97;13.91;13.83,10/19/2021 08:17:13
175,10/19/2021 08:17:14,52.832194824,4.694028427,46.952,12.75;12.71;12.76;12.93;13.07;13.26;16.08;16.83;13.86;13.88;14.50;14.39;13.73;13.55;13.59;13.74;13.92;14.05;13.91;13.91,10/19/2021 08:17:14
176,10/19/2021 08:17:15,52.832194817,4.694028517,46.945,12.67;12.62;12.67;12.82;12.95;13.20;16.01;16.73;13.76;13.76;14.42;14.30;13.63;13.45;13.50;13.64;13.83;13.91;13.86;13.81,10/19/2021 08:17:15
177,10/19/2021 08:17:16,52.832194794,4.694028516,46.945,12.75;12.71;12.78;12.90;13.04;13.30;16.10;16.82;13.83;13.87;14.52;14.37;13.75;13.56;13.58;13.77;13.91;14.05;13.94;13.91,10/19/2021 08:17:16
178,10/19/2021 08:17:17,52.832194802,4.694028569,46.946,12.82;12.79;12.85;12.99;13.14;13.40;16.16;16.88;13.92;13.91;14.59;14.46;13.79;13.62;13.67;13.85;14.01;14.09;14.05;13.99,10/19/2021 08:17:17
179,10/19/2021 08:17:18,52.832194813,4.694028588,46.948,12.87;12.85;12.90;13.10;13.20;13.47;16.25;16.99;13.96;13.98;14.64;14.48;13.86;13.67;13.72;13.91;14.03;14.16;14.08;14.02,10/19/2021 08:17:18
180,10/19/2021 08:17:19,52.832194756,4.69402861,46.933,12.79;12.77;12.83;13.00;13.09;13.38;16.20;16.91;13.92;13.89;14.61;14.43;13.79;13.63;13.64;13.80;13.95;14.09;14.04;13.95,10/19/2021 08:17:19
181,10/19/2021 08:17:20,52.83219474,4.694028633,46.937,12.85;12.81;12.88;13.04;13.16;13.41;16.24;16.98;13.98;13.93;14.63;14.49;13.83;13.67;13.72;13.86;14.02;14.14;14.09;14.04,10/19/2021 08:17:20
182,10/19/2021 08:17:21,52.832194757,4.694028735,46.928,12.88;12.80;12.89;13.06;13.19;13.43;16.25;16.93;13.97;13.97;14.61;14.47;13.81;13.68;13.70;13.86;14.02;14.15;14.08;14.03,10/19/2021 08:17:21
183,10/19/2021 08:17:22,52.832194773,4.694028713,46.933,12.89;12.84;12.89;13.05;13.18;13.42;16.22;16.97;13.96;13.99;14.64;14.48;13.83;13.67;13.72;13.92;14.05;14.14;14.10;14.02,10/19/2021 08:17:22
184,10/19/2021 08:17:24,52.832194743,4.694028791,46.904,12.83;12.75;12.80;12.99;13.11;13.36;16.19;16.89;13.86;13.89;14.59;14.42;13.77;13.61;13.61;13.81;13.93;14.09;14.01;13.93,10/19/2021 08:17:23
185,10/19/2021 08:17:25,52.83219468,4.694028734,46.879,12.86;12.82;12.88;13.08;13.19;13.37;16.23;16.94;13.98;13.94;14.62;14.47;13.83;13.68;13.69;13.88;14.06;14.13;14.07;14.01,10/19/2021 08:17:24
186,10/19/2021 08:17:26,52.832194658,4.694028808,46.87,12.89;12.83;12.88;13.09;13.18;13.40;16.21;16.94;13.96;13.97;14.63;14.49;13.84;13.67;13.73;13.86;14.03;14.14;14.10;14.03,10/19/2021 08:17:25
187,10/19/2021 08:17:27,52.832194668,4.694028769,46.872,12.93;12.90;12.95;13.13;13.23;13.49;16.26;16.99;14.02;14.03;14.72;14.52;13.90;13.72;13.78;13.93;14.12;14.19;14.17;14.09,10/19/2021 08:17:26
188,10/19/2021 08:17:28,52.832194629,4.694028747,46.882,12.86;12.84;12.89;13.05;13.15;13.38;16.21;16.89;13.94;13.95;14.68;14.49;13.85;13.69;13.72;13.86;14.03;14.12;14.10;14.00,10/19/2021 08:17:27
189,10/19/2021 08:17:29,52.832194597,4.694028794,46.872,12.80;12.78;12.80;12.99;13.12;13.33;16.14;16.80;13.92;13.91;14.54;14.43;13.80;13.64;13.65;13.82;13.98;14.08;14.03;13.95,10/19/2021 08:17:28
190,10/19/2021 08:17:30,52.832194595,4.69402878,46.874,12.79;12.77;12.78;12.97;13.08;13.32;16.09;16.78;13.84;13.83;14.53;14.38;13.75;13.57;13.61;13.77;13.91;14.04;13.92;13.93,10/19/2021 08:17:29
191,10/19/2021 08:17:31,52.832194572,4.694028793,46.864,12.75;12.67;12.80;12.91;13.05;13.28;16.04;16.76;13.82;13.83;14.50;14.36;13.79;13.59;13.59;13.77;14.06;14.96;14.20;13.92,10/19/2021 08:17:30
192,10/19/2021 08:17:32,52.832194588,4.69402871,46.85,12.71;12.67;12.73;12.93;13.05;13.25;16.10;16.78;13.81;13.79;14.51;14.49;16.26;14.30;13.62;13.78;13.93;14.00;13.92;13.92,10/19/2021 08:17:31
193,10/19/2021 08:17:32,52.832194588,4.69402871,46.85,12.69;12.69;12.74;12.91;13.04;13.29;16.36;18.07;13.90;13.83;14.50;14.32;13.76;13.80;14.24;14.09;13.95;14.01;13.96;13.90,10/19/2021 08:17:32
194,10/19/2021 08:17:33,52.832194597,4.694028734,46.848,12.76;12.93;13.89;14.16;13.51;13.26;16.09;16.82;13.85;13.78;14.46;14.34;13.75;13.64;14.67;14.44;14.06;14.02;13.96;13.88,10/19/2021 08:17:33
195,10/19/2021 08:17:34,52.832194566,4.694028731,46.842,13.73;13.67;12.83;12.93;13.10;13.27;16.10;16.80;13.83;13.85;14.52;14.37;13.79;13.74;14.84;14.84;14.09;14.06;13.96;13.90,10/19/2021 08:17:34
196,10/19/2021 08:17:36,52.832194519,4.694028771,46.837,13.61;13.04;12.85;12.99;13.16;13.38;16.18;16.89;13.91;13.92;14.60;14.40;14.57;15.36;15.44;14.36;14.01;14.13;14.03;14.03,10/19/2021 08:17:35
197,10/19/2021 08:17:37,52.832194502,4.694028761,46.843,13.40;12.94;12.80;12.95;13.12;13.33;16.15;16.83;13.86;13.89;14.59;14.94;14.77;15.29;14.18;14.03;14.01;14.10;14.07;13.94,10/19/2021 08:17:36
198,10/19/2021 08:17:38,52.832194535,4.694028702,46.837,13.47;12.93;12.84;13.04;13.15;13.36;16.19;16.95;13.93;13.89;14.61;14.67;13.87;13.71;14.45;14.20;14.09;14.14;14.05;13.99,10/19/2021 08:17:37
199,10/19/2021 08:17:38,52.832194535,4.694028702,46.837,13.43;12.89;12.84;13.05;13.15;13.39;16.21;16.90;13.96;14.58;15.68;16.18;16.49;15.19;14.63;14.83;14.09;14.09;14.06;14.01,10/19/2021 08:17:38
200,10/19/2021 08:17:40,52.832194514,4.694028646,46.826,13.44;12.89;12.84;13.02;13.14;13.38;16.19;16.89;13.95;13.95;14.64;14.48;14.45;14.83;14.83;13.89;14.03;14.15;14.09;14.01,10/19/2021 08:17:39
201,10/19/2021 08:17:41,52.832194442,4.6940287,46.804,13.57;13.02;12.97;13.13;13.24;13.46;16.29;16.94;14.03;14.04;14.69;14.96;14.77;13.75;13.77;13.92;14.10;14.21;14.17;14.09,10/19/2021 08:17:40
202,10/19/2021 08:17:42,52.832194418,4.694028639,46.808,13.47;12.96;12.87;13.05;13.19;13.40;16.19;16.92;13.94;14.00;14.64;14.45;14.07;13.77;13.77;13.88;14.03;14.13;14.09;14.02,10/19/2021 08:17:41
203,10/19/2021 08:17:43,52.832194438,4.694028611,46.811,13.56;12.97;12.89;13.07;13.23;13.45;16.22;16.95;13.98;14.00;14.85;14.92;14.27;13.83;13.76;13.89;14.02;14.16;14.09;14.05,10/19/2021 08:17:42
204,10/19/2021 08:17:44,52.83219442,4.694028632,46.793,13.55;13.01;12.91;13.08;13.20;13.43;16.18;16.90;13.96;13.97;14.90;14.84;14.29;14.01;14.05;13.88;14.04;14.15;14.10;14.05,10/19/2021 08:17:43
205,10/19/2021 08:17:45,52.832194414,4.694028603,46.785,13.48;12.89;12.88;13.01;13.13;13.41;16.19;16.92;13.96;13.97;14.84;14.97;14.42;14.13;14.02;14.30;14.00;14.12;14.09;14.01,10/19/2021 08:17:44
